{
  "train_loss": [
    0.7681777917820475,
    0.567307095164838,
    0.48372891286145087,
    0.42525863906611566,
    0.3592224509819694,
    0.3181610515584116,
    0.26517164966334467,
    0.23394900171653085,
    0.2184503408877746,
    0.18668849507103796,
    0.1646326851585637,
    0.17321671707474667,
    0.14787592706472977,
    0.136293834966162,
    0.12557228298290915,
    0.10840108310398848,
    0.10485082735186038,
    0.09526085319078487,
    0.08976339888961418,
    0.08912602066993713
  ],
  "train_acc": [
    54.985955056179776,
    67.5561797752809,
    76.96629213483146,
    83.28651685393258,
    86.3061797752809,
    87.07865168539325,
    90.87078651685393,
    91.57303370786516,
    92.20505617977528,
    93.60955056179775,
    94.80337078651685,
    94.10112359550561,
    95.43539325842697,
    95.64606741573034,
    95.78651685393258,
    96.48876404494382,
    96.98033707865169,
    97.19101123595506,
    97.0505617977528,
    97.12078651685393
  ],
  "val_loss": [
    0.5614068984985352,
    0.4755109906196594,
    0.43332638740539553,
    0.41274349093437196,
    0.4028832376003265,
    0.40869035124778746,
    0.4154690682888031,
    0.4239323377609253,
    0.42011734247207644,
    0.4209808886051178,
    0.42831079959869384,
    0.42603409886360166,
    0.4411774635314941,
    0.4684223890304565,
    0.48815110325813293,
    0.49282212257385255,
    0.4953006088733673,
    0.5114129602909088,
    0.5165396392345428,
    0.515370774269104
  ],
  "val_acc": [
    67.10097719869707,
    75.8957654723127,
    82.73615635179154,
    82.73615635179154,
    84.03908794788273,
    83.71335504885994,
    85.66775244299674,
    83.71335504885994,
    86.64495114006515,
    85.34201954397395,
    86.64495114006515,
    86.97068403908794,
    88.59934853420195,
    88.59934853420195,
    88.27361563517915,
    86.31921824104235,
    87.62214983713355,
    87.29641693811075,
    85.66775244299674,
    86.31921824104235
  ],
  "learning_rate": [
    0.001,
    0.001,
    0.001,
    0.001,
    0.001,
    0.001,
    0.001,
    0.001,
    0.001,
    0.001,
    0.001,
    0.001,
    0.001,
    0.001,
    0.001,
    0.001,
    0.0005,
    0.0005,
    0.0005,
    0.0005
  ]
}